epoch,loss
0,0.09320509433746338
1,0.016261562705039978
